id,lon,lat,name,provider
1700000,7.348153,46.22322,Sion (Rue Traversière) [Flixbus],Flixbus
1700001,8.631738,47.698117,Schaffhausen station [Flixbus],Flixbus
1700002,8.485382,47.180749,"Zug, Chollermüli [Flixbus]",Flixbus
1700003,9.041916,46.223756,Bellinzona (Arbedo- Castione station) [Flixbus],Flixbus
1700004,8.563792,47.449535,Zurich Airport bus station [Flixbus],Flixbus
1700005,6.109944,46.230536,Geneva Airport (Bus Station) [Flixbus],Flixbus
1700006,8.632181,46.8488,Erstfeld Gotthard Service Station South [Flixbus],Flixbus
1700007,8.232476,47.11396,"Luzern, Neuenkirch (service area) [Flixbus]",Flixbus
1700008,8.303735,47.032441,Luzern- Allmend [Flixbus],Flixbus
1700009,9.319545,46.552262,Splügen (Dorf) [Flixbus],Flixbus
1700010,8.537436,47.380855,Zurich Bus Station [Flixbus],Flixbus
1700011,9.529111,46.852917,Chur station train station (Bahnhofplatz) [Flixbus],Flixbus
1700012,7.59025,47.545639,Basel SBB (Meret Oppenheim-Street) [Flixbus],Flixbus
1700013,8.963193,46.02244,Lugano (Via Ciani) [Flixbus],Flixbus
1700014,9.366621,47.422274,St. Gallen train station [Flixbus],Flixbus
1700015,6.623189,46.536324,Lausanne (P+R Vélodrome) [Flixbus],Flixbus
1700016,7.433698,46.963711,Bern (Neufeld car terminal) [Flixbus],Flixbus
1700017,6.146928,46.208522,Geneva (central bus station) [Flixbus],Flixbus
1700018,8.723394,47.497645,Winterthur (Lagerhausstrasse) [Flixbus],Flixbus
1700019,7.155162,46.815737,Fribourg (Poya) [Flixbus],Flixbus
1700020,7.080065,46.10525,Martigny [Flixbus],Flixbus
1700021,8.315742,47.046915,Luzern (Landenberg) [Flixbus],Flixbus
1700022,9.511041,47.139365,Vaduz (Rheinparkstadion) [Flixbus],Flixbus
1700023,6.1281,46.1874,Genève P+R Etoile [BlaBlaCar],BlaBlaCar
1700024,6.155447,46.202547,Geneva - Eaux-Vives [BlaBlaCar],BlaBlaCar
1700025,7.074804,46.104542,Martigny [BlaBlaCar],BlaBlaCar
1700026,7.360776,46.227832,Sion [BlaBlaCar],BlaBlaCar
1700027,7.589041,47.546101,Basel [BlaBlaCar],BlaBlaCar
1700028,7.157144,46.817771,Fribourg [BlaBlaCar],BlaBlaCar
1700029,8.313938,47.049548,Lucerne [BlaBlaCar],BlaBlaCar
